Nombre,URL
Los 40 Classic(M80),http://playerservices.streamtheworld.com/api/livestream-redirect/LOS40_CLASSIC.mp3
Los 40 Leon,https://cdn1.onstream.audio/proxy/xherz/Stream
Los 40 Castellon,https://27953.live.streamtheworld.com:443/LOS40_ASO_CASTELLON_SC
Kiss FM,https://kissfm.kissfmradio.cires21.com/kissfm.mp3
Hit FM,https://en-directo.frequence-radio.com/amp/redirect.php?radio=hit-fm
Cadena 100,https://cadena100-cope-rrcast.flumotion.com/cope/cadena100-low.mp3
M4B Radio,https://stream.m4bradio.com:24240/radio
Open FM,http://radioopenfm.ice.infomaniak.ch/radioopenfm.mp3
Open FM 2,https://stream.open.fm/352
Open FM 3,https://go-audio.toya.net.pl/352
Open FM 4,https://stream.open.fm/361
Open FM 5,https://stream.open.fm/1
The Hits Channel,https://streaming.live365.com/a95996
Miami Beach,https://streaming.radiostreamlive.com/miamibeachradio_devices
Canal Fiesta,https://rtva-live-radio.flumotion.com/rtva/cfr.mp3
Loca FM,https://en-directo.frequence-radio.com/amp/redirect.php?radio=loca-fm
Maxima,https://en-directo.frequence-radio.com/amp/redirect.php?radio=maxima-fm
Radio Nova,http://149.13.0.81/nova128
Techno FM,http://stream12.techno.fm:80/radio1-320k.mp3
DeepHouse,http://HearMe.fm:8023/stream
Radio Flow,https://topradio.uno:8018/live
Rock FM,https://rockfm-cope-rrcast.flumotion.com/cope/rockfm-low.mp3
Rock FM 2,https://stream.regenbogen2.de/bawue/mp3-128/
Size Radio,https://n0b.radiojar.com/atr1e8aswa5tv?rj-ttl=5&rj-tok=AAABlRUbmpMAunFpoXXGBqrVhA
La Gozadera,https://stream.vocesparatumarca.net/8022/stream
La Gozadera 2,https://streaming.shoutcast.com/gozadera
977 Todays Hits,https://playerservices.streamtheworld.com/api/livestream-redirect/977_HITSAAC_SC?dist=onlineradiobox
100 hits,http://pureplay.cdnstream1.com/6030_128.mp3
hitsradio,https://phoebe.streamerr.co:2095/stream
Radio,https://das-edge14-live365-dal02.cdnstream.com/a95996
King FM,https://kingfmva.radioca.st/stream
Europa FM,?
Radiole,?
Jazz FM,?
Country,https://country.stream.laut.fm/country
Country 108,http://sc1.netstreamer.net:8100
Country Hits,https://countryhits.radioca.st/stream
Red River Radio,http://playerservices.streamtheworld.com/api/livestream-redirect/KDAQHD2.mp3
Classic FM,https://media-ssl.musicradio.com/ClassicFMMP3
Clasica,https://playerservices.streamtheworld.com/api/livestream-redirect/CLASICA_1065.mp3
Classic 105,https://classic105-atunwadigital.streamguys1.com/classic105
Classic 2,https://vh11367x.out.airtime.pro/vh11367x_b
Classic 3,http://ice-the.musicradio.com/ClassicFMMP3
Classical FM Sydney,http://abm21.com.au:8000/CONTAINER8
Classical Piano,https://stream.epic-classical.com/classical-piano
Whisperings Solo Piano Radio,https://pianosolo.streamguys1.com/live
Classical music archives,http://HearMe.fm:8021/stream
Kiss Classical,https://cast1.torontocast.com:2085/stream
WQXR,https://stream.wqxr.org/wqxr-tunein
WFMT,https://wfmt-live.streamguys1.com/wfmt128-mp3
WRR Classical,https://kera.streamguys1.com/wrrlive
BBC Radio 3,https://as-hls-ww-live.akamaized.net/pool_904/live/ww/bbc_radio_three/bbc_radio_three.isml/bbc_radio_three-audio%3d96000.norewind.m3u8