ID,Nombre,Apellido,Edad,Email,Teléfono,Ciudad,País,Dirección,Fecha_Registro
1514,Chema,Páez,54,otilia99@gmail.com,+34685395121,Zamora,Maldivas,"Callejón de Manuelita Blanch 27 Piso 8 , Ávila, 63694",2022-05-28
6154,Juliana,Arnal,62,fabianaibanez@gmail.com,+34712944755,León,Mauricio,"Vial de Fernando Velázquez 50 Apt. 63 , Burgos, 18324",2022-08-28
2649,Evelia,Crespo,79,pbernal@yahoo.com,+34 707801400,Las Palmas,Trinidad y Tabago,"Paseo de Odalis Portero 355, Teruel, 12041",2024-07-28
5794,Regina,Diez,72,melchor98@gmail.com,+34953983381,Álava,Guinea Ecuatorial,"Alameda de Dolores Ferrández 16, Alicante, 50997",2023-06-05
9325,José,Bermudez,75,carranzadiego@isern-estevez.es,+34737003085,Badajoz,Egipto,"Acceso de Rosalva Cortina 3 Puerta 8 , Cáceres, 27386",2021-05-19
4001,Chus,Suarez,55,gabriel19@yahoo.com,+34712954197,Huelva,Andorra,"Cañada Rubén Madrigal 50 Piso 9 , Alicante, 20620",2024-06-04
3063,Cecilio,Porcel,54,begonaolive@gmail.com,+34844 52 29 64,Granada,Senegal,"Calle de Joaquín Roldan 15 Piso 1 , Valladolid, 95558",2024-04-07
1287,Carlos,Company,47,montserratjosue@yahoo.com,+34813795387,Toledo,Sri Lanka,"Paseo Lupe Blanes 7 Piso 8 , Castellón, 55971",2020-09-19
2569,Julieta,Carreño,72,fabianadiez@moliner.com,+34735467384,Cuenca,México,"Alameda Anastasio Porras 882 Puerta 2 , Cáceres, 37122",2022-05-19
5712,Miguel Ángel,Gallo,75,custodiavalverde@gimenez.es,+34718422676,Badajoz,Georgia,"Camino Chus Cámara 49, Almería, 91139",2023-04-06
8639,Ileana,Álamo,49,valdesmarino@blanes.org,+34705174293,Palencia,Afganistán,"Camino de Mariana Benitez 77 Apt. 32 , Huesca, 02125",2022-03-15
368,Leocadia,Agudo,34,marcia18@berenguer.es,+34 806761526,Pontevedra,Malta,"Vial Ema Carnero 72 Apt. 42 , Albacete, 32641",2020-06-29
5907,Fátima,Bosch,62,expositolupita@vazquez.com,+34984251665,Albacete,San Vicente y las Granadinas,"Rambla Juan Gelabert 61, Teruel, 64516",2023-05-11
2571,Zoraida,Ledesma,85,amayaantonia@hotmail.com,+34659200254,La Coruña,Kenya,"Camino de Fanny Manzano 95, Burgos, 82190",2021-01-02
5601,Ágata,Tirado,45,angelino30@gmail.com,+34 831799609,La Coruña,Angola,"Glorieta Aureliano Hervás 48, Castellón, 28504",2021-06-28
3000,Rosendo,Barbero,74,amorgranados@yahoo.com,+34612 637 807,Lleida,Australia,"Cuesta Gerardo Lamas 8 Puerta 7 , Santa Cruz de Tenerife, 04358",2022-05-20
1588,Carlos,Izquierdo,87,remedios51@yahoo.com,+34 810881158,Baleares,Guinea,"Acceso de Gabino Abella 1, Salamanca, 73295",2021-03-11
1017,Juanita,Manrique,35,minguezfausto@ros-franch.net,+34711279826,Castellón,Tayikistán,"Pasaje de Modesta Cañizares 19 Piso 2 , La Rioja, 52646",2024-02-19
411,Tamara,Castell,68,cristiantamarit@hotmail.com,+34 728039787,Alicante,Malawi,"Acceso de Julia Gisbert 2, Salamanca, 01626",2025-04-21
3983,Eugenio,Ramis,41,yvazquez@gmail.com,+34 632 54 65 04,Guipúzcoa,San Marino,"Camino de Fulgencio Bautista 324, Guadalajara, 28583",2025-01-25
1309,Celestina,Leiva,42,jarcos@hotmail.com,+34 706135754,Albacete,Jordania,"Vial de Seve Ángel 25, Palencia, 63314",2023-02-19
8583,Diana,Crespo,65,adalberto68@cabanillas.com,+34 950 527 054,Castellón,Arabia Saudita,"Calle Nydia Benito 2, Cantabria, 38765",2024-04-06
5857,Lorena,Fuentes,67,jose-ignaciocastello@yahoo.com,+34982 97 09 57,Girona,Perú,"Camino Xavier Cano 8 Puerta 4 , Santa Cruz de Tenerife, 33726",2020-09-12
9332,Emiliano,Pereira,69,gracia95@carrion.com,+34741 63 60 98,Cáceres,Turkmenistán,"Avenida de Santiago Arias 7 Puerta 4 , Málaga, 01627",2023-09-14
1856,Salomón,Prat,66,aurorallano@yahoo.com,+34 928 44 00 19,Castellón,Trinidad y Tabago,"Cuesta Mirta Mora 3, Ávila, 90961",2024-09-28
899,Ana Sofía,Sureda,52,adalberto72@casanova-llobet.org,+34725 86 39 29,Granada,Suriname,"Avenida Prudencia Casal 42 Piso 8 , Alicante, 66958",2021-03-21
7250,Ale,Roda,39,ponteutimio@pozuelo.com,+34 738 370 538,Ourense,Sri Lanka,"Ronda de Humberto Ramírez 169 Puerta 0 , Álava, 71630",2023-09-14
5078,Miguela,Catalá,39,casareshector@gmail.com,+34 631 44 84 39,Almería,Omán,"Cuesta de Tadeo Leon 78 Puerta 4 , Tarragona, 93243",2024-03-05
9041,Morena,Gibert,86,reinaflorencio@camara.es,+34725 863 174,Huelva,Maldivas,"Alameda Candelas Doménech 55 Apt. 42 , Álava, 68965",2020-11-24
1598,Amílcar,Ayllón,22,xiomara94@hotmail.com,+34706 86 19 03,Teruel,Australia,"Plaza Gregorio Roura 3, Vizcaya, 97649",2020-11-20
1310,Aurora,Trujillo,28,edelmiro83@yahoo.com,+34 722 96 52 05,Tarragona,Zambia,"Rambla Aureliano Asensio 87, La Rioja, 76195",2023-08-27
3263,Clarisa,Aragonés,80,vtellez@puig.com,+34 828 383 638,León,Iraq,"Camino Eli Zurita 45, Sevilla, 35260",2023-01-14
4486,Carmela,Roldán,53,umoya@gmail.com,+34748 88 25 29,Asturias,Timor-Leste,"Via de Lucas Checa 52 Piso 3 , Burgos, 34054",2022-08-26
3864,Estela,Lobo,39,salcedoroxana@armas-cardenas.com,+34 700934040,Las Palmas,Santa Lucía,"Cuesta Carmelo Avilés 8, Lugo, 52570",2025-05-25
445,Jose Luis,Garriga,43,apolinarreyes@hotmail.com,+34987632133,Zaragoza,Belice,"Avenida Jonatan Luís 4 Puerta 7 , Castellón, 65186",2024-06-03
4861,Nando,Almeida,42,agapitogarces@frias.org,+34 719 513 314,Murcia,Tailandia,"Ronda Raquel Salinas 359, Teruel, 32937",2023-01-13
6309,Reyna,Mármol,31,leivasara@hoz.es,+34725 43 82 31,Valladolid,Colombia,"Callejón Samu Aznar 8 Apt. 35 , Madrid, 59476",2025-03-08
2665,Esperanza,Cardona,19,anabelfrias@gmail.com,+34867742353,Ávila,Burundi,"Cañada de Reyes Gracia 10, Palencia, 99105",2021-10-18
1022,Irene,Giménez,70,javiernadal@torralba-ripoll.org,+34 720 83 59 94,Girona,Kenya,"Vial Abigaíl Agustín 716 Puerta 0 , Álava, 42716",2020-09-11
6738,Florencio,Urrutia,41,suarezreyes@hotmail.com,+34 707881543,La Rioja,Sudáfrica,"Callejón de Reina Novoa 99, Palencia, 99565",2025-02-27
9266,Marianela,Guzman,38,marinoariel@hotmail.com,+34738 35 32 18,Ciudad,Samoa,"Alameda de Eliseo Barba 94 Apt. 22 , León, 46878",2022-09-06
8147,Carmelo,Osuna,25,vicente24@hotmail.com,+34 801650774,Toledo,Djibouti,"Rambla de Ofelia Solera 137, Cantabria, 77860",2024-04-28
7898,Aurelio,Aranda,37,hozvasco@yahoo.com,+34 709 93 17 14,Cantabria,Kirguistán,"Glorieta de Clarisa Osuna 855, Melilla, 21984",2021-06-11
7866,Edelmiro,Galan,65,canellasleoncio@pizarro.es,+34705204994,Guipúzcoa,Papua Nueva Guinea,"Rambla Pascual Amador 91, Córdoba, 70615",2021-12-01
4495,Marciano,Villaverde,43,salaaura@busquets.org,+34744 01 57 05,Salamanca,Filipinas,"Callejón de Apolonia Rebollo 840, Valladolid, 98040",2023-03-22
2350,Noemí,Reyes,81,rmalo@hotmail.com,+34 703591706,Lleida,Bangladesh,"Camino de Florencia Galan 80, Girona, 81476",2023-11-04
428,Lorenza,Heredia,56,ksedano@gmail.com,+34980315335,Álava,Iraq,"Cañada Ambrosio Grau 629, Zamora, 03524",2024-12-28
6115,Vicente,Dávila,74,ericaviles@yahoo.com,+34851 171 977,Jaén,Angola,"Callejón de Armando Arregui 492, Teruel, 90083",2024-06-30
6774,Teodoro,Corral,22,patricio77@paredes.es,+34 975036597,Guadalajara,San Marino,"Cañada Sara Vélez 4 Piso 2 , Ourense, 69027",2020-06-27
6611,Vera,Valentín,53,bertootero@yahoo.com,+34739 19 78 09,Sevilla,Togo,"Via Leopoldo Torrijos 460 Puerta 5 , Melilla, 62504",2022-03-11
7644,Concha,Yuste,80,jose-luis09@nevado-cepeda.es,+34 704 13 60 08,Cádiz,Senegal,"Avenida de Sigfrido Flor 71, Albacete, 93637",2023-10-01
5374,Soraya,Borja,26,matapurificacion@huertas.es,+34 719 06 29 37,Navarra,Nicaragua,"Calle Aarón Pedraza 603 Puerta 8 , Ávila, 25336",2021-05-18
7854,Eva,Gómez,30,teobaldocanales@banos-malo.es,+34 980 867 519,Navarra,Vanuatu,"Vial de Leonel Quirós 88, Cantabria, 41309",2023-07-10
5221,José Mari,Benitez,37,samumadrigal@gmail.com,+34977 38 65 94,Almería,Austria,"C. de Aura Carrión 684, Barcelona, 35762",2022-10-03
8415,Mirta,Francisco,52,amenendez@jaen.com,+34922705576,Soria,Tuvalu,"Cañada de Noemí Esteve 642 Puerta 7 , La Rioja, 36392",2024-11-26
5169,Albano,Santos,27,lrosado@abril-solis.net,+34 664546497,Lugo,Togo,"Pasadizo Guiomar Martinez 6, Lleida, 83268",2022-01-30
430,Vicente,Higueras,35,nicolasjavier@simo-escribano.es,+34923047702,Lugo,Afganistán,"Alameda Paca Amat 69 Puerta 3 , Guipúzcoa, 72397",2024-06-20
7397,Benjamín,Sola,24,jpelayo@gmail.com,+34 749 28 04 30,Soria,Brunei Darussalam,"Pasaje de Fabiana Quesada 75, Guipúzcoa, 18320",2025-03-27
7711,Domingo,Valero,27,dorita19@yahoo.com,+34 704 956 157,León,Emiratos Árabes Unidos,"Via de Fabio Bru 30 Apt. 73 , Cantabria, 64312",2020-11-30
1472,Ciríaco,Valle,90,luisina65@infante-rodriguez.org,+34715 840 594,Huesca,Francia,"Paseo de Xavier Bilbao 16, Granada, 84438",2021-05-21
2137,Marcial,Machado,19,ambarparedes@cortes.es,+34738 570 834,Cantabria,Bahrein,"Pasaje Ale Camacho 57 Piso 5 , Cuenca, 66670",2023-12-12
2475,Ana,Miralles,41,ligiaboada@rosado-navarro.net,+34 708002470,Guadalajara,Kenya,"Paseo de Adriana Ferrández 39, Lugo, 57191",2021-11-08
8266,Loreto,Amorós,39,expositoflorentino@gmail.com,+34 643 264 642,Toledo,Luxemburgo,"Pasadizo de Salomón Oliveras 9 Apt. 84 , Soria, 89896",2020-11-12
2808,Marcia,Benavente,34,vizcainorosalina@solano-manrique.org,+34 715 138 347,Burgos,México,"Paseo Amaya Martin 56 Piso 4 , Valencia, 65392",2020-09-27
8231,Chelo,Recio,54,cayetanaacedo@mesa.es,+34708 01 30 58,Barcelona,Sudán,"C. Cebrián Almazán 865, Ciudad, 05358",2021-05-06
9263,Ciro,Carretero,36,manu28@ibarra.com,+34738 318 158,Salamanca,Santo Tomé y Príncipe,"Avenida Elías Rueda 2, Castellón, 91359",2021-02-06
6356,Ramiro,Espinosa,20,vfonseca@fonseca.com,+34 716 298 775,Málaga,Chile,"Cañada de Ainoa Jurado 84, Cáceres, 85085",2021-09-27
474,Isabela,Cánovas,41,flavio59@hotmail.com,+34727630580,Lleida,Argelia,"Avenida Sosimo Galán 44, Lleida, 10050",2021-04-22
1591,Cayetano,Córdoba,72,ucarranza@hotmail.com,+34746 252 115,La Rioja,Tonga,"Avenida de Eugenio Saldaña 16, Melilla, 10523",2021-08-21
606,Chita,Seco,72,oriana14@valbuena-arce.es,+34725 61 39 30,Albacete,Grecia,"Paseo Trinidad Olivera 5, Alicante, 76033",2022-06-20
6159,Eutropio,Batlle,25,elias49@gmail.com,+34 727529837,Soria,Turquía,"Plaza de Nico Vergara 3 Piso 4 , Badajoz, 92242",2021-08-31
7670,Bartolomé,Ramirez,48,adalbertoheredia@hotmail.com,+34 725 302 996,Almería,Letonia,"Paseo de Nélida Mendoza 635 Piso 6 , Palencia, 15506",2022-10-18
5116,Marcelino,Sanz,53,vanesa67@hotmail.com,+34 746 96 65 24,Baleares,Georgia,"Vial de Alcides Torrecilla 90, Cantabria, 78516",2022-04-08
4098,Emperatriz,Laguna,80,tcordero@yahoo.com,+34 743041864,Cuenca,República Unida de Tanzanía,"Ronda de Dominga Ramírez 3 Puerta 7 , Girona, 28364",2021-07-08
2733,Carlos,Arcos,81,tarmas@torre.com,+34 633 051 812,Toledo,Burundi,"Plaza de Carolina Carrera 2 Apt. 90 , Granada, 57332",2021-04-09
3387,Gloria,Zamora,59,valderramapurificacion@hotmail.com,+34712 59 90 17,Pontevedra,Indonesia,"Avenida de Severiano Alegria 50, Álava, 49877",2022-07-03
2711,Carlos,Molins,55,julie79@gmail.com,+34613435014,Toledo,Tailandia,"Calle Chema Lopez 56, La Coruña, 33899",2022-01-02
1242,Sabas,Palacio,59,borjavito@hotmail.com,+34 723 91 80 25,Guipúzcoa,Federación de Rusia,"Calle Maite Tirado 90 Apt. 99 , Soria, 72042",2021-05-08
9664,Tito,Gámez,75,arjonafebe@yahoo.com,+34 896429391,Lugo,Azerbaiyán,"Avenida de Almudena Cabello 41, Cantabria, 70743",2020-07-14
762,María Belén,Montes,32,creyes@hotmail.com,+34896 70 31 45,Ourense,Argentina,"Calle de María Cristina Simó 95 Piso 7 , Tarragona, 69980",2020-11-05
4823,Mayte,Velasco,74,joaquinasanchez@carretero.es,+34 883 23 16 87,Toledo,Federación de Rusia,"Calle Mayte Osuna 86 Puerta 1 , León, 75371",2022-01-21
5350,Isidro,Reguera,74,ealsina@garcia.com,+34741 14 78 55,Soria,Canadá,"Vial de Genoveva Ramírez 26, La Coruña, 33719",2021-08-01
2513,Angelita,Sanjuan,79,cornejoamerico@pereira.es,+34 639 92 38 41,Málaga,Camerún,"Avenida Eladio Llano 67, Las Palmas, 00290",2022-08-12
3039,Basilio,Briones,57,catalaluis@gmail.com,+34733166669,Sevilla,Mongolia,"Urbanización de Eugenio Pozuelo 64 Piso 1 , Almería, 97007",2021-11-02
6297,Felicidad,Angulo,78,casanovabrunilda@rius.com,+34 959 74 84 46,Toledo,Armenia,"Camino Vito Higueras 87 Piso 4 , León, 37891",2022-09-27
6232,Felipa,Galindo,64,paulino63@gmail.com,+34836561978,Valencia,Senegal,"Pasaje de Ruperto Osuna 905 Piso 3 , Ciudad, 71882",2024-02-22
7676,Isidoro,Alcaraz,65,valeriougarte@gmail.com,+34 865327513,Ourense,Congo,"Callejón Josefa Carrasco 232, Madrid, 92721",2022-05-15
2866,Duilio,Varela,20,nduran@hotmail.com,+34 704 511 389,Madrid,República Unida de Tanzanía,"Urbanización de Delia Cueto 70 Puerta 0 , Valladolid, 16226",2021-07-08
9001,Sebastián,Bolaños,44,armida17@cordero-arenas.es,+34 716666797,León,Bangladesh,"Urbanización de Victoriano Gutierrez 813, Melilla, 52924",2024-05-26
39,Nayara,Barragán,81,lupitacerdan@gmail.com,+34945 04 05 61,Melilla,Luxemburgo,"C. Clementina Herrera 8 Puerta 1 , Barcelona, 19608",2024-12-07
6389,Damián,Ribera,48,xfuster@gmail.com,+34 673327577,Baleares,Somalia,"Rambla Ricarda Figuerola 532 Puerta 8 , Guipúzcoa, 96640",2024-10-22
1357,Ema,Cervantes,23,evelia72@hotmail.com,+34 972 466 714,Ávila,Turquía,"Urbanización Adán Bou 18, Teruel, 54387",2022-11-15
3153,Jacinta,Pujol,47,santamariabaldomero@cano.net,+34 746 023 550,Pontevedra,Camboya,"Alameda de Alejo Beltrán 23, Ceuta, 90428",2021-01-10
3105,Miriam,Herranz,40,priscilavillena@escudero.es,+34700 22 32 88,Zamora,Ecuador,"Ronda de Moisés Arana 51, Granada, 89871",2023-09-05
5713,Casandra,Trillo,60,santiago76@gmail.com,+34 663 65 05 01,La Rioja,Zambia,"Pasadizo Jose Luis Albero 21, Tarragona, 16659",2020-11-16
5539,Matías,Huerta,30,alejandrafonseca@criado.net,+34711 598 019,León,Micronesia,"Rambla Mateo Esteban 477, Sevilla, 61521",2023-06-08
1585,Tiburcio,Samper,71,odalis77@hotmail.com,+34842142242,Cádiz,Senegal,"Acceso de Mauricio Galan 23, Teruel, 78918",2024-10-21
2115,Gabino,Galván,26,bcodina@yahoo.com,+34726537235,Navarra,Sri Lanka,"Avenida de Clotilde Segura 6 Apt. 19 , Cádiz, 70713",2023-06-23
4527,Juan Carlos,Anguita,39,ortizemma@gmail.com,+34722897845,Ávila,Pakistán,"Ronda Ana Llopis 951, Pontevedra, 86565",2024-01-04
1027,Chucho,Leiva,22,cmancebo@fernandez.es,+34701548309,Baleares,China,"Vial de Ascensión Martin 18 Puerta 0 , Salamanca, 16838",2020-11-15
9829,Espiridión,Arco,41,diego41@gmail.com,+34720010896,Granada,Sudán del Sur,"Acceso Fulgencio Vicente 45, Ciudad, 87514",2023-10-28
9264,Bibiana,Torrents,58,ramisluna@gmail.com,+34 703103530,Segovia,Yemen,"Avenida de Che Frías 77, Ourense, 97311",2020-10-11
7322,Samu,Sanjuan,39,lupe70@bayon.net,+34 700166717,Ceuta,Mauritania,"Ronda de Jorge Velázquez 906 Apt. 25 , Barcelona, 21368",2023-07-30
3133,Brígida,Almazán,60,ferreroaitor@miralles.es,+34614129884,Melilla,Seychelles,"Cuesta Nazario Sureda 5 Apt. 60 , Navarra, 61728",2021-07-01
1645,Efraín,Sabater,49,malonatalio@aller.net,+34967811595,Salamanca,Bangladesh,"C. Asunción Caparrós 363, Lugo, 57132",2023-05-04
4804,María Teresa,Martín,51,marinomartorell@hotmail.com,+34 888 48 42 00,Albacete,Niger,"Cuesta de Esmeralda Vigil 34 Apt. 30 , Sevilla, 98014",2025-05-04
8003,Eric,Leon,21,hsacristan@alcala.es,+34954 69 09 33,Jaén,Jamaica,"Rambla Zaira Armas 196 Piso 0 , Soria, 17272",2025-02-16
9438,Nerea,Aranda,85,duranjaime@vila-marques.com,+34715 99 04 82,Albacete,Croacia,"Urbanización Melisa Roldán 903, Burgos, 62973",2021-01-08
8983,Norberto,Anglada,32,eutimiorosello@urrutia-barrena.es,+34 704945463,Jaén,Argentina,"Alameda Cebrián Llabrés 57, Melilla, 93300",2021-07-24
5184,Emiliano,Vizcaíno,50,eligia34@hotmail.com,+34732 86 20 89,Ciudad,Suecia,"Via Dulce Polo 72, Málaga, 61334",2024-11-26
7937,Iker,Lledó,80,heribertopina@badia-torrents.com,+34691884877,Pontevedra,República Dominicana,"Urbanización de Petrona Neira 3 Piso 9 , Cuenca, 49484",2022-06-22
2030,Nicanor,Cárdenas,45,zalvarez@nebot.es,+34 728 80 85 48,Zaragoza,Líbano,"Plaza de Cecilia Montes 78, Álava, 81615",2024-05-12
85,Néstor,Cordero,79,uolivares@hotmail.com,+34 729 044 017,Albacete,China,"Paseo de Telmo Cerdá 62 Piso 7 , Lugo, 34139",2024-07-29
8,Vera,Quintero,52,nandrade@yahoo.com,+34717 729 047,Navarra,Polonia,"Pasadizo de Valentín Meléndez 54 Apt. 22 , Teruel, 34835",2021-02-15
5120,Alejandra,Alberola,32,roberta58@yahoo.com,+34694 30 26 77,La Rioja,Estonia,"Avenida Emperatriz Velasco 4, Ciudad, 78086",2020-07-27
1421,Wálter,Puente,67,opujadas@salva.es,+34 700044696,Tarragona,Francia,"Cuesta Pablo Barrios 8 Piso 7 , Las Palmas, 66500",2022-08-21
8309,Raimundo,Gabaldón,60,htovar@gmail.com,+34 745 694 026,León,Marruecos,"Avenida de Pascuala Cepeda 15, Pontevedra, 28196",2020-08-30
8686,Yaiza,Chamorro,29,dcabezas@gmail.com,+34 724130108,Huelva,Congo,"Glorieta Nicodemo Gascón 329, Jaén, 75805",2024-07-11
6843,Bernardo,Naranjo,18,carreterovisitacion@yahoo.com,+34 924 608 260,Huesca,ex República Yugoslava de Macedonia,"Avenida de Reina Castrillo 2, Jaén, 49608",2025-02-09
2020,Mar,Puente,48,doroteagrande@gmail.com,+34 729 91 06 29,Málaga,Chipre,"Callejón Onofre Cobos 536, Ceuta, 30682",2021-09-26
5163,Elpidio,Godoy,51,concepcion61@fernandez.com,+34898 000 206,Badajoz,Croacia,"Via de Jose Manuel Palomo 73, Guipúzcoa, 29940",2024-07-14
1583,Manolo,Villalonga,71,isolis@munoz.net,+34716 355 477,Valladolid,Líbano,"Via de Marcelino Garmendia 57, Zamora, 66185",2021-04-01
8723,Alfredo,Zaragoza,68,mazadario@canete-vallejo.net,+34823865975,Ciudad,Paraguay,"Acceso de Timoteo Goicoechea 18 Puerta 3 , Baleares, 25751",2021-04-25
4637,Yésica,Gaya,33,bermudezalbert@hotmail.com,+34 667 612 702,Ourense,Australia,"Cañada de Leoncio Ramis 15 Puerta 9 , Almería, 63293",2022-08-31
6847,Leocadio,Martorell,43,mgoicoechea@hotmail.com,+34 898 805 199,La Coruña,República Centroafricana,"Rambla Celso Barrena 58 Apt. 64 , Almería, 97221",2020-10-21
2815,Noemí,Nicolás,44,ytur@yahoo.com,+34 744965363,Murcia,Uzbekistán,"Rambla de Julián Abellán 32, Vizcaya, 35244",2022-01-15
9990,Anita,Cardona,34,catalinapeinado@matas.com,+34643338968,Alicante,Dinamarca,"Calle de Anacleto Capdevila 3, Salamanca, 95349",2021-04-25
2206,Fernanda,Nogueira,52,bibiana81@palau-garate.es,+34708 90 99 48,Lleida,Sudán,"Pasaje Kike Salmerón 96, Lugo, 03421",2024-05-27
152,Nazario,Huerta,38,rquevedo@yahoo.com,+34 878012242,Castellón,Japón,"Pasaje Maximiano Sanmiguel 89 Piso 2 , Salamanca, 81791",2021-03-27
3693,José Ángel,Camps,43,blazquezmarianela@yahoo.com,+34 702 02 11 03,Ourense,Senegal,"Camino Javier Miranda 77, Baleares, 47538",2020-09-08
6357,Macaria,Verdú,78,mirandacamilo@segarra-hoz.com,+34 999493535,Ciudad,Croacia,"Ronda de Sebastian Luz 2, La Rioja, 58768",2023-03-28
5283,Encarnacion,Márquez,30,pazboix@gmail.com,+34985 49 31 82,Cantabria,Côte d'Ivoire,"Alameda Ana Sofía Chico 82, Vizcaya, 84004",2021-06-04
8826,Elba,Cabañas,77,jeronimomorell@hotmail.com,+34725 198 040,Lleida,Estados Unidos de América,"Cuesta de Juan Manuel Escolano 529, Almería, 54983",2021-02-23
2175,Lorenza,Sevillano,75,rocamorafrancisco@menendez.org,+34 722 29 68 52,Zaragoza,Papua Nueva Guinea,"C. Cruz Busquets 97, Tarragona, 91349",2020-06-28
727,Cornelio,Salas,45,cipriano30@hotmail.com,+34 941 814 830,Toledo,Letonia,"Ronda de Buenaventura Iglesia 45 Apt. 89 , Teruel, 20028",2023-06-25
5023,Zacarías,Machado,73,almagrovictoriano@hotmail.com,+34725 53 46 32,Huesca,Antigua y Barbuda,"Plaza Jose Ramón Folch 69, Valladolid, 57017",2024-04-20
7163,Timoteo,Rosales,73,mbarros@lasa.net,+34822 683 408,Málaga,Kenya,"Acceso Ruth Tapia 218, La Coruña, 04177",2024-05-01
566,Edgardo,Lastra,41,ksanz@hotmail.com,+34 665332410,Huesca,Etiopía,"Glorieta de Celia Pintor 241 Piso 0 , Guadalajara, 18768",2022-11-08
946,Jorge,Mata,55,juan-manuellopez@villar.es,+34711 92 23 80,Sevilla,Santo Tomé y Príncipe,"Pasadizo Clímaco Barranco 464, Lugo, 44710",2023-08-21
4824,José,Hervia,71,irenevara@gmail.com,+34695 66 12 17,Asturias,Mónaco,"Calle Teodosio Cervera 668 Apt. 40 , La Coruña, 83558",2024-12-05
7947,Salud,Arce,60,zvalencia@perera-benavides.es,+34 706 425 308,Álava,Islandia,"Avenida Cintia Morán 79 Apt. 19 , Lugo, 15130",2024-04-13
6900,Bartolomé,Gilabert,78,nietoinmaculada@yahoo.com,+34706 98 46 58,Palencia,Sudán,"Ronda de Josefina Iriarte 288 Piso 0 , Ceuta, 72834",2025-05-23
5258,Almudena,Armas,72,ypont@yahoo.com,+34901 12 63 61,Cuenca,Turkmenistán,"Callejón de Jose Manuel Gómez 592 Apt. 93 , Soria, 94788",2020-11-06
9534,Custodio,Vallejo,24,gbarrios@yahoo.com,+34996925598,Girona,Tonga,"C. Rita Puerta 29, Lleida, 36152",2020-07-27
7816,Raquel,Cantero,30,maria-pilar83@hotmail.com,+34 904 72 99 00,Navarra,Sri Lanka,"Urbanización Francisco Javier Garrido 8 Puerta 9 , León, 02284",2024-11-27
5443,Abilio,Bosch,42,apariciopaulino@hotmail.com,+34 734 97 78 95,Las Palmas,Dominicana,"Pasaje Feliciano Canales 51 Apt. 92 , La Rioja, 61904",2020-07-25
1618,Domitila,Ángel,33,constanza71@gmail.com,+34 716 055 176,Huelva,Barbados,"Cuesta Mireia Ferrero 57, Valencia, 58560",2024-03-09
8554,Alicia,Izaguirre,77,mnino@hotmail.com,+34724291836,Santa Cruz de Tenerife,Lesotho,"Vial de Marcial Montserrat 28 Piso 9 , Cáceres, 19690",2022-07-28
7872,Rosenda,Cabeza,40,ycortina@hotmail.com,+34735479616,Murcia,Albania,"Vial de Wálter Bernad 159 Puerta 8 , Burgos, 44278",2023-01-18
9440,Rosalinda,Moya,76,amandamarmol@gmail.com,+34 734 762 601,Cádiz,Israel,"Rambla Manuela Vigil 9 Puerta 7 , Guipúzcoa, 03285",2025-04-03
963,Dora,Feijoo,59,melchorconde@yahoo.com,+34666 55 31 01,Pontevedra,Costa Rica,"Rambla Valero Marquez 31, León, 37128",2022-01-15
1971,Dionisio,Gutierrez,72,florsosimo@almagro.es,+34 991754403,Girona,Kuwait,"Pasadizo de Clemente Fernández 13 Puerta 9 , Las Palmas, 61339",2025-03-29
4701,Isaura,Garay,61,torrentsfelix@hotmail.com,+34872044586,Valencia,Saint Kitts y Nevis,"Plaza Gema Hernandez 34, Teruel, 59924",2021-04-01
3275,Gabriela,Elías,78,anitacabanillas@parejo-vizcaino.com,+34 704 12 15 90,Melilla,Bahrein,"Cañada Amelia Herrero 343, Valencia, 86605",2023-08-18
9189,Dalila,Milla,40,tnunez@castejon.com,+34 624 939 882,Córdoba,Santa Lucía,"Vial de Saturnino Cervera 27 Piso 7 , Cádiz, 65952",2024-01-22
6172,Victorino,Campoy,36,rbolanos@hotmail.com,+34 727 98 74 63,Baleares,Micronesia,"Rambla de Judith Reyes 90, Santa Cruz de Tenerife, 66339",2020-06-28
7722,Rosaura,Bueno,61,aarongabaldon@ruiz-cabanillas.com,+34739 686 780,Málaga,Lesotho,"Glorieta de Cruz Gilabert 954, Huelva, 15354",2022-09-16
5277,Begoña,Blanca,28,yrebollo@yahoo.com,+34723 598 662,Asturias,Santa Lucía,"Avenida de Severiano Cánovas 269 Piso 4 , Alicante, 77518",2024-11-29
3801,Teo,Llamas,48,rocioarino@yahoo.com,+34734603604,Zaragoza,India,"Rambla de Azahara Malo 45 Apt. 98 , Tarragona, 32965",2021-09-02
5392,Hilario,Bravo,23,garatemargarita@escribano.net,+34 705 59 60 53,Lleida,Bangladesh,"Pasaje Verónica Tovar 18, Asturias, 27626",2022-10-03
2112,Nico,Puente,83,graciano36@robles-porras.org,+34741 47 67 22,Las Palmas,Mónaco,"C. de Alicia Amorós 59 Puerta 9 , Ciudad, 56892",2021-05-12
328,Febe,Solsona,24,buenaventuracarretero@osuna-avila.com,+34748 01 77 30,Palencia,Myanmar,"Alameda Pelayo Ledesma 5 Piso 8 , Toledo, 42440",2021-12-31
6237,Natalia,Collado,52,lvalero@noguera.com,+34 886 850 948,León,Venezuela,"Urbanización de Tatiana Gascón 29, Castellón, 95928",2021-12-30
9967,Bernardo,Francisco,18,zcortina@bellido-araujo.es,+34719943242,Teruel,Bangladesh,"Via Pastora Cerezo 631 Apt. 93 , Huelva, 12268",2021-12-30
6329,Atilio,Fernández,85,cadenasmilagros@yahoo.com,+34861 31 05 41,Baleares,ex República Yugoslava de Macedonia,"Callejón Yolanda Lago 9, Burgos, 27784",2023-01-08
2482,Maribel,Alfonso,34,yayala@yahoo.com,+34 805 942 678,Burgos,Suecia,"Glorieta Belén Plana 9 Apt. 54 , León, 15081",2021-10-31
47,Claudio,Robles,81,ligia94@hotmail.com,+34721 46 84 82,Guipúzcoa,Irlanda,"Pasaje de Evangelina Tudela 31 Puerta 8 , Zaragoza, 59881",2021-12-16
9518,Marco,Baquero,79,chucho50@macias.net,+34713 650 800,Pontevedra,Kazajstán,"Plaza de Leopoldo Pellicer 520 Piso 9 , Asturias, 44068",2021-11-27
8623,Alejandra,Márquez,70,ibaro@hotmail.com,+34 724 65 61 25,Zaragoza,México,"Acceso María Belén Cruz 96, Santa Cruz de Tenerife, 58441",2024-05-20
1218,Marcelino,Llorens,19,isaacsolana@davila.es,+34 918 82 94 89,Las Palmas,Cabo Verde,"Via Odalys Campos 81, Granada, 02393",2025-03-14
3436,Vera,Parejo,24,anastasiofrancisco@uria.net,+34 700 84 20 69,Albacete,Rumania,"Rambla Javi Palma 97 Apt. 51 , Madrid, 70402",2025-03-24
5314,Cecilio,Aguilar,24,torrentssegismundo@hotmail.com,+34743964833,Segovia,Eritrea,"Pasadizo de Geraldo Niño 2, Cantabria, 61296",2025-01-05
9015,Camilo,Anglada,62,serraamado@yahoo.com,+34 718 384 420,Las Palmas,Congo,"Cañada Horacio Lorenzo 29 Apt. 48 , La Coruña, 78807",2022-11-07
6406,Imelda,Mayo,80,esmeraldadalmau@gmail.com,+34 709 955 538,Alicante,México,"Pasadizo Fabián Luz 16 Puerta 1 , Madrid, 39959",2022-01-24
8073,Caridad,Calzada,27,nico95@yahoo.com,+34719968921,Burgos,Qatar,"Glorieta Corona Elías 19, Cuenca, 99673",2023-10-08
6386,Gaspar,Blanes,82,alosada@cervera.es,+34743615858,Santa Cruz de Tenerife,Myanmar,"Plaza Iris Andreu 8 Piso 1 , Ourense, 76902",2021-02-19
5422,Eusebio,Rodríguez,49,maria-teresapomares@castejon-barranco.com,+34712463938,Cádiz,Myanmar,"Callejón Nicolás Polo 39 Apt. 47 , Pontevedra, 30814",2021-10-15
3254,Leonel,Pinilla,31,qsalvador@llanos.es,+34 918 74 24 29,Salamanca,Papua Nueva Guinea,"Glorieta Marciano Guerrero 52, Asturias, 53665",2025-05-08
6860,Baudelio,Frutos,20,menaconrado@lorenzo.es,+34715 05 02 51,Cáceres,Burkina Faso,"Camino de Maricruz Lozano 6 Piso 6 , Guipúzcoa, 82324",2024-10-21
5799,Rosario,Soler,69,alexbadia@gmail.com,+34714 26 50 64,Melilla,Burundi,"Callejón de Quirino Sainz 43 Puerta 7 , Murcia, 36584",2020-11-04
4953,Olimpia,Puente,36,ceferinopaz@yahoo.com,+34722799992,Valencia,Noruega,"Vial de Renata Morán 1, Cuenca, 54107",2021-08-21
7524,Leticia,Llanos,48,rebecasalvador@hotmail.com,+34725774141,Segovia,Suriname,"Avenida de Bruno Álamo 11, Cáceres, 64273",2024-10-04
412,Ascensión,Rosselló,89,mariofigueroa@gmail.com,+34734121331,La Coruña,Sierra Leona,"Acceso de Néstor Artigas 23, Ourense, 97836",2025-02-28
558,Iris,Artigas,60,yago97@yahoo.com,+34743 676 672,Las Palmas,Togo,"Pasaje Pili Aparicio 13 Piso 5 , Las Palmas, 19791",2024-07-12
7304,Martirio,Mármol,68,osegovia@hotmail.com,+34 908715034,Teruel,Perú,"Vial de Florencio Menéndez 6, Madrid, 43273",2021-10-06
3123,Juanita,Valenciano,73,gil85@nebot.com,+34726434828,Lleida,Mozambique,"Alameda de Tito Arévalo 79 Puerta 3 , Segovia, 51490",2024-08-30
8148,Roberto,Guzmán,21,aranamacarena@corominas.com,+34711 445 546,Sevilla,Reino Unido de Gran Bretaña e Irlanda del Norte,"Camino de Teresita Antúnez 895 Puerta 3 , Vizcaya, 94958",2021-03-02
9200,Vidal,Macías,87,evilla@aramburu.com,+34 915 233 962,Teruel,Santa Lucía,"Via de Domitila Chaves 186, Vizcaya, 56737",2022-06-29
8672,Máximo,Isern,73,manuelitabarranco@gmail.com,+34676442685,Cantabria,Malta,"Paseo Bautista Valbuena 148, Valencia, 07785",2021-08-21
1278,Yago,Portillo,52,xrossello@hotmail.com,+34 704195215,Lleida,India,"C. Pepito Pino 72, Baleares, 11241",2021-09-05
6690,Elías,Gimenez,88,francofabio@campos.com,+34 721 70 32 40,Ourense,República Popular Democrática de Corea,"Pasaje Yaiza Castell 898 Puerta 4 , La Coruña, 06555",2024-01-03
6765,Evangelina,Girón,59,cesar84@gmail.com,+34 734 457 899,La Coruña,Côte d'Ivoire,"Pasaje de José Manuel Andres 1, Valencia, 40820",2023-10-11
306,Yago,Gordillo,28,mriera@yahoo.com,+34737 06 68 31,Toledo,Granada,"Acceso de Javier Company 4, Melilla, 19743",2025-06-20
4278,Cecilia,Pellicer,89,lucho19@gmail.com,+34731 84 83 05,Málaga,Antigua y Barbuda,"Via Claudia Casal 22 Apt. 14 , Ourense, 71943",2021-03-28
3615,Leocadia,Galán,24,anita88@montalban-caro.es,+34 749137645,Córdoba,Bulgaria,"Urbanización Pascual Mayol 1, Toledo, 84256",2025-04-04
5009,Salud,Coca,80,rufina76@varela-avila.es,+34 624 73 55 02,Málaga,Guyana,"Cañada de Marisela Sanmiguel 48 Piso 6 , Teruel, 08725",2025-03-24
1544,Daniela,Coca,56,clozano@yahoo.com,+34809936702,Albacete,Barbados,"Acceso Adelina Ferreras 92, Navarra, 90060",2022-12-23
2772,Dorita,Pagès,39,aureamarmol@hotmail.com,+34 711 37 16 57,Ciudad,Islandia,"Pasaje de Ramón Murillo 68 Puerta 8 , Córdoba, 40414",2023-02-03
7222,Aurelia,Gabaldón,75,palomocelso@coca.org,+34 691 72 30 29,Barcelona,Bosnia y Herzegovina,"Plaza de Luis Miguel Novoa 515, Toledo, 97306",2022-10-14
4374,Aránzazu,Fábregas,26,kvizcaino@gmail.com,+34892229711,Jaén,Irán,"Pasadizo Rafa Tenorio 71 Piso 8 , Cádiz, 35665",2022-05-22
